Workbook

Sheet Dashboard
B2: Rental & Contract Tracker
B3: Prepared by Andrei Rubic | SAMPLE WITH DUMMY DATA
B4: Report date | C4: 46308
B6: Key numbers
B7: Total units | C7: =COUNTA(Units!$A$3:$A$20) -> 18
B8: Occupied units | C8: =COUNTIF(Units!$L$3:$L$20,"<>Vacant") -> 17
B9: Occupancy rate | C9: =IFERROR(C8/C7,0) -> 0.94444444
B10: Total occupants | C10: =SUM(Units!$D$3:$D$20) -> 28
B11: Monthly rent roll (PHP) | C11: =SUMIF(Units!$C$3:$C$20,"<>",Units!$E$3:$E$20) -> 94000
B12: Deposits held (PHP) | C12: =SUMIF(Units!$C$3:$C$20,"<>",Units!$F$3:$F$20) -> 188000
B13: Contracts expiring within 30 days | C13: =COUNTIF(Units!$L$3:$L$20,"Expiring soon") -> 2
B14: Contracts expired | C14: =COUNTIF(Units!$L$3:$L$20,"Expired") -> 1
B15: Payments overdue | C15: =COUNTIF(Units!$M$3:$M$20,"Overdue") -> 2
B16: Payments due within 5 days | C16: =COUNTIF(Units!$M$3:$M$20,"Due soon") -> 4
B18: Contracts by status | E18: Payments by status
B19: Status | C19: Units | E19: Status | F19: Units
B20: Active | C20: =COUNTIF(Units!$L$3:$L$20,B20) -> 14 | E20: On track | F20: =COUNTIF(Units!$M$3:$M$20,E20) -> 11
B21: Expiring soon | C21: =COUNTIF(Units!$L$3:$L$20,B21) -> 2 | E21: Due soon | F21: =COUNTIF(Units!$M$3:$M$20,E21) -> 4
B22: Expired | C22: =COUNTIF(Units!$L$3:$L$20,B22) -> 1 | E22: Overdue | F22: =COUNTIF(Units!$M$3:$M$20,E22) -> 2
B23: Vacant | C23: =COUNTIF(Units!$L$3:$L$20,B23) -> 1

Sheet Units
A1: SAMPLE DATA: all units, tenants, rents, and notes are fictional and for illustration only
A2: Unit ID | B2: Property / Location | C2: Tenant (dummy) | D2: Occupants | E2: Monthly Rent (PHP) | F2: Deposit (PHP) | G2: Contract Start | H2: Contract End | I2: Next Due Date | J2: Move-in Checklist | K2: Days to Contract End | L2: Contract Status | M2: Payment Status | N2: Notes
A3: U-01 | B3: Compound A, Sample City | C3: Tenant 01 (sample) | D3: 3 | E3: 6000 | F3: 12000 | G3: 45940 | H3: 46300 | I3: 46302 | J3: Done | K3: =IF(OR(C3="",H3=""),"",H3-Dashboard!$C$4) -> -8 | L3: =IF(C3="","Vacant",IF(K3<0,"Expired",IF(K3<=30,"Expiring soon","Active"))) -> Expired | M3: =IF(C3="","",IF(I3<Dashboard!$C$4,"Overdue",IF(I3-Dashboard!$C$4<=5,"Due soon","On track"))) -> Overdue
A4: U-02 | B4: Compound B, Sample City | C4: Tenant 02 (sample) | D4: 1 | E4: 5000 | F4: 10000 | G4: 45968 | H4: 46328 | I4: 46306 | J4: Done | K4: =IF(OR(C4="",H4=""),"",H4-Dashboard!$C$4) -> 20 | L4: =IF(C4="","Vacant",IF(K4<0,"Expired",IF(K4<=30,"Expiring soon","Active"))) -> Expiring soon | M4: =IF(C4="","",IF(I4<Dashboard!$C$4,"Overdue",IF(I4-Dashboard!$C$4<=5,"Due soon","On track"))) -> Overdue
A5: U-03 | B5: Compound A, Sample City | C5: Tenant 03 (sample) | D5: 2 | E5: 6000 | F5: 12000 | G5: 46152 | H5: 46332 | I5: 46309 | J5: Done | K5: =IF(OR(C5="",H5=""),"",H5-Dashboard!$C$4) -> 24 | L5: =IF(C5="","Vacant",IF(K5<0,"Expired",IF(K5<=30,"Expiring soon","Active"))) -> Expiring soon | M5: =IF(C5="","",IF(I5<Dashboard!$C$4,"Overdue",IF(I5-Dashboard!$C$4<=5,"Due soon","On track"))) -> Due soon
A6: U-04 | B6: Compound B, Sample City | C6: Tenant 04 (sample) | D6: 3 | E6: 4000 | F6: 8000 | G6: 45993 | H6: 46353 | I6: 46311 | J6: Done | K6: =IF(OR(C6="",H6=""),"",H6-Dashboard!$C$4) -> 45 | L6: =IF(C6="","Vacant",IF(K6<0,"Expired",IF(K6<=30,"Expiring soon","Active"))) -> Active | M6: =IF(C6="","",IF(I6<Dashboard!$C$4,"Overdue",IF(I6-Dashboard!$C$4<=5,"Due soon","On track"))) -> Due soon | N6: Renewal discussion scheduled (sample note)
A7: U-05 | B7: Compound A, Sample City | C7: Tenant 05 (sample) | D7: 2 | E7: 5000 | F7: 10000 | G7: 46198 | H7: 46378 | I7: 46313 | J7: Done | K7: =IF(OR(C7="",H7=""),"",H7-Dashboard!$C$4) -> 70 | L7: =IF(C7="","Vacant",IF(K7<0,"Expired",IF(K7<=30,"Expiring soon","Active"))) -> Active | M7: =IF(C7="","",IF(I7<Dashboard!$C$4,"Overdue",IF(I7-Dashboard!$C$4<=5,"Due soon","On track"))) -> Due soon | N7: EXAMPLE ROW: shows the expected format. Replace with your own units.
A8: U-06 | B8: Compound B, Sample City | C8: Tenant 06 (sample) | D8: 1 | E8: 7500 | F8: 15000 | G8: 46218 | H8: 46398 | I8: 46316 | J8: Done | K8: =IF(OR(C8="",H8=""),"",H8-Dashboard!$C$4) -> 90 | L8: =IF(C8="","Vacant",IF(K8<0,"Expired",IF(K8<=30,"Expiring soon","Active"))) -> Active | M8: =IF(C8="","",IF(I8<Dashboard!$C$4,"Overdue",IF(I8-Dashboard!$C$4<=5,"Due soon","On track"))) -> On track
A9: U-07 | B9: Compound A, Sample City | C9: Tenant 07 (sample) | D9: 1 | E9: 8000 | F9: 16000 | G9: 46238 | H9: 46418 | I9: 46320 | J9: Done | K9: =IF(OR(C9="",H9=""),"",H9-Dashboard!$C$4) -> 110 | L9: =IF(C9="","Vacant",IF(K9<0,"Expired",IF(K9<=30,"Expiring soon","Active"))) -> Active | M9: =IF(C9="","",IF(I9<Dashboard!$C$4,"Overdue",IF(I9-Dashboard!$C$4<=5,"Due soon","On track"))) -> On track
A10: U-08 | B10: Compound B, Sample City | C10: Tenant 08 (sample) | D10: 1 | E10: 3500 | F10: 7000 | G10: 46268 | H10: 46448 | I10: 46323 | J10: Done | K10: =IF(OR(C10="",H10=""),"",H10-Dashboard!$C$4) -> 140 | L10: =IF(C10="","Vacant",IF(K10<0,"Expired",IF(K10<=30,"Expiring soon","Active"))) -> Active | M10: =IF(C10="","",IF(I10<Dashboard!$C$4,"Overdue",IF(I10-Dashboard!$C$4<=5,"Due soon","On track"))) -> On track
A11: U-09 | B11: Compound A, Sample City | C11: Tenant 09 (sample) | D11: 2 | E11: 4500 | F11: 9000 | G11: 46298 | H11: 46478 | I11: 46326 | J11: Done | K11: =IF(OR(C11="",H11=""),"",H11-Dashboard!$C$4) -> 170 | L11: =IF(C11="","Vacant",IF(K11<0,"Expired",IF(K11<=30,"Expiring soon","Active"))) -> Active | M11: =IF(C11="","",IF(I11<Dashboard!$C$4,"Overdue",IF(I11-Dashboard!$C$4<=5,"Due soon","On track"))) -> On track | N11: Minor repair logged (sample note)
A12: U-10 | B12: Compound B, Sample City | C12: Tenant 10 (sample) | D12: 1 | E12: 5000 | F12: 10000 | G12: 46328 | H12: 46508 | I12: 46330 | J12: Done | K12: =IF(OR(C12="",H12=""),"",H12-Dashboard!$C$4) -> 200 | L12: =IF(C12="","Vacant",IF(K12<0,"Expired",IF(K12<=30,"Expiring soon","Active"))) -> Active | M12: =IF(C12="","",IF(I12<Dashboard!$C$4,"Overdue",IF(I12-Dashboard!$C$4<=5,"Due soon","On track"))) -> On track
A13: U-11 | B13: Compound A, Sample City | C13: Tenant 11 (sample) | D13: 1 | E13: 5500 | F13: 11000 | G13: 46178 | H13: 46538 | I13: 46334 | J13: Done | K13: =IF(OR(C13="",H13=""),"",H13-Dashboard!$C$4) -> 230 | L13: =IF(C13="","Vacant",IF(K13<0,"Expired",IF(K13<=30,"Expiring soon","Active"))) -> Active | M13: =IF(C13="","",IF(I13<Dashboard!$C$4,"Overdue",IF(I13-Dashboard!$C$4<=5,"Due soon","On track"))) -> On track
A14: U-12 | B14: Compound B, Sample City | C14: Tenant 12 (sample) | D14: 1 | E14: 4500 | F14: 9000 | G14: 46208 | H14: 46568 | I14: 46336 | J14: Done | K14: =IF(OR(C14="",H14=""),"",H14-Dashboard!$C$4) -> 260 | L14: =IF(C14="","Vacant",IF(K14<0,"Expired",IF(K14<=30,"Expiring soon","Active"))) -> Active | M14: =IF(C14="","",IF(I14<Dashboard!$C$4,"Overdue",IF(I14-Dashboard!$C$4<=5,"Due soon","On track"))) -> On track
A15: U-13 | B15: Compound A, Sample City | C15: Tenant 13 (sample) | D15: 2 | E15: 6000 | F15: 12000 | G15: 46418 | H15: 46598 | I15: 46310 | J15: Done | K15: =IF(OR(C15="",H15=""),"",H15-Dashboard!$C$4) -> 290 | L15: =IF(C15="","Vacant",IF(K15<0,"Expired",IF(K15<=30,"Expiring soon","Active"))) -> Active | M15: =IF(C15="","",IF(I15<Dashboard!$C$4,"Overdue",IF(I15-Dashboard!$C$4<=5,"Due soon","On track"))) -> Due soon
A16: U-14 | B16: Compound B, Sample City | C16: Tenant 14 (sample) | D16: 2 | E16: 4000 | F16: 8000 | G16: 46268 | H16: 46628 | I16: 46317 | J16: Done | K16: =IF(OR(C16="",H16=""),"",H16-Dashboard!$C$4) -> 320 | L16: =IF(C16="","Vacant",IF(K16<0,"Expired",IF(K16<=30,"Expiring soon","Active"))) -> Active | M16: =IF(C16="","",IF(I16<Dashboard!$C$4,"Overdue",IF(I16-Dashboard!$C$4<=5,"Due soon","On track"))) -> On track | N16: Requested extension (sample note)
A17: U-15 | B17: Compound A, Sample City | C17: Tenant 15 (sample) | D17: 2 | E17: 8000 | F17: 16000 | G17: 46298 | H17: 46658 | I17: 46322 | J17: Done | K17: =IF(OR(C17="",H17=""),"",H17-Dashboard!$C$4) -> 350 | L17: =IF(C17="","Vacant",IF(K17<0,"Expired",IF(K17<=30,"Expiring soon","Active"))) -> Active | M17: =IF(C17="","",IF(I17<Dashboard!$C$4,"Overdue",IF(I17-Dashboard!$C$4<=5,"Due soon","On track"))) -> On track
A18: U-16 | B18: Compound B, Sample City | J18: N/A | K18: =IF(OR(C18="",H18=""),"",H18-Dashboard!$C$4) | L18: =IF(C18="","Vacant",IF(K18<0,"Expired",IF(K18<=30,"Expiring soon","Active"))) -> Vacant | M18: =IF(C18="","",IF(I18<Dashboard!$C$4,"Overdue",IF(I18-Dashboard!$C$4<=5,"Due soon","On track")))
A19: U-17 | B19: Compound A, Sample City | C19: Tenant 17 (sample) | D19: 1 | E19: 8000 | F19: 16000 | G19: 46328 | H19: 46688 | I19: 46332 | J19: Done | K19: =IF(OR(C19="",H19=""),"",H19-Dashboard!$C$4) -> 380 | L19: =IF(C19="","Vacant",IF(K19<0,"Expired",IF(K19<=30,"Expiring soon","Active"))) -> Active | M19: =IF(C19="","",IF(I19<Dashboard!$C$4,"Overdue",IF(I19-Dashboard!$C$4<=5,"Due soon","On track"))) -> On track
A20: U-18 | B20: Compound B, Sample City | C20: Tenant 18 (sample) | D20: 2 | E20: 3500 | F20: 7000 | G20: 46248 | H20: 46608 | I20: 46314 | J20: Pending | K20: =IF(OR(C20="",H20=""),"",H20-Dashboard!$C$4) -> 300 | L20: =IF(C20="","Vacant",IF(K20<0,"Expired",IF(K20<=30,"Expiring soon","Active"))) -> Active | M20: =IF(C20="","",IF(I20<Dashboard!$C$4,"Overdue",IF(I20-Dashboard!$C$4<=5,"Due soon","On track"))) -> On track

Sheet Checkpoints
B2: Move-in / Move-out Checkpoints (Template)
B3: Copy this list for each tenant. Mark Done when finished.
B5: Stage | C5: Checkpoint | D5: Done? | E5: Notes
B6: Move-in | C6: Contract signed by both parties and a copy filed
B7: Move-in | C7: Deposit and first rent collected and recorded
B8: Move-in | C8: Condition photos and meter readings taken
B9: Move-in | C9: Keys handed over, house rules and contact numbers given
B10: During stay | C10: Rent collected on the due date and recorded
B11: During stay | C11: Repair requests logged with date and status
B12: During stay | C12: Periodic inspection done and noted
B13: During stay | C13: Renewal discussed 30 days before contract end
B14: Move-out | C14: Notice received and move-out date confirmed
B15: Move-out | C15: Final inspection with photos and meter readings
B16: Move-out | C16: Deposit reconciled against repairs and unpaid rent
B17: Move-out | C17: Keys returned, unit marked Vacant, contract archived

Sheet Read Me
B2: Rental & Contract Tracker: Sample Workbook
B3: SAMPLE with dummy data. Prepared by Andrei Rubic to show how I track occupancy, contracts, and payments.
B5: Purpose | C5: Shows how rented units, contract dates, and payment due dates are tracked so nothing expires or goes unpaid unnoticed.
B6: IMPORTANT | C6: All units, tenants, rents, dates, and notes are fictional. Nothing here is real data from any past employer or tenant.
B7: Sheets | C7: Dashboard (auto-calculated) | Units (the log) | Checkpoints (move-in / move-out template) | Read Me.
B8: What to edit | C8: Blue-text cells on Units, and the yellow report date on Dashboard. Everything else updates automatically.
B9: Auto-calculated | C9: Units columns K, L, M (days to contract end, contract status, payment status) and all Dashboard numbers.
B10: Contract status | C10: Expired = end date has passed | Expiring soon = within 30 days | Active | Vacant = no tenant entered.
B11: Payment status | C11: Overdue = next due date has passed | Due soon = within 5 days | On track. Update Next Due Date after each payment.
B12: Example row | C12: The row marked EXAMPLE ROW in the Notes column shows the expected format. Replace or delete it when using real data.
B13: To add units | C13: Insert rows inside the table (above the last row) so the Dashboard formulas include them.
B15: Legend
B16: Blue text | C16: Input you type or paste
B17: Black text | C17: Formula (calculated automatically)
B18: Yellow cell | C18: Report date: change it to the day you are reviewing (or replace with =TODAY())
