Workbook

Sheet Summary
B2: Market Data Report
B3: Rizal & Cavite | Prepared by Andrei Rubic | SAMPLE WITH DUMMY DATA
B5: Total listings | D5: Verified listings | F5: Avg price per sqm, lots (PHP) | G5: Cities covered
B6: =COUNTA(Listings!$A$3:$A$38) -> 36 | D6: =COUNTIF(Listings!$M$3:$M$38,"Verified")/COUNTA(Listings!$A$3:$A$38) -> 0.58333333 | F6: =AVERAGE(Listings!$J$3:$J$38) -> 21960.185 | G6: =COUNTA(B13:B21) -> 9
B8: Key observations (auto-updating)
B9: ="Highest average price per sqm: "&INDEX($B$13:$B$21,MATCH(MAX($G$13:$G$21),$G$13:$G$21,0))&" (PHP "&TEXT(MAX($G$13:$G$21),"#,##0")&")" -> Highest average price per sqm: Cainta (PHP 36,800)
B10: ="Lowest average price per sqm: "&INDEX($B$13:$B$21,MATCH(MIN($G$13:$G$21),$G$13:$G$21,0))&" (PHP "&TEXT(MIN($G$13:$G$21),"#,##0")&")" -> Lowest average price per sqm: Silang (PHP 9,067)
B11: ="Verified listings: "&COUNTIF(Listings!$M$3:$M$38,"Verified")&" of "&COUNTA(Listings!$A$3:$A$38)&" ("&TEXT(COUNTIF(Listings!$M$3:$M$38,"Verified")/COUNTA(Listings!$A$3:$A$38),"0%")&")" -> Verified listings: 21 of 36 (58%)
B12: City | C12: Province | D12: Listings | E12: Avg Lot Area (sqm) | F12: Avg Asking Price (PHP) | G12: Avg Price per sqm (PHP)
B13: Antipolo | C13: Rizal | D13: =COUNTIF(Listings!$C$3:$C$38,B13) -> 4 | E13: =IFERROR(AVERAGEIFS(Listings!$G$3:$G$38,Listings!$C$3:$C$38,B13),0) -> 277.5 | F13: =IFERROR(AVERAGEIFS(Listings!$I$3:$I$38,Listings!$C$3:$C$38,B13),0) -> 6253750 | G13: =IFERROR(AVERAGEIFS(Listings!$J$3:$J$38,Listings!$C$3:$C$38,B13),0) -> 20494.444
B14: Cainta | C14: Rizal | D14: =COUNTIF(Listings!$C$3:$C$38,B14) -> 4 | E14: =IFERROR(AVERAGEIFS(Listings!$G$3:$G$38,Listings!$C$3:$C$38,B14),0) -> 205 | F14: =IFERROR(AVERAGEIFS(Listings!$I$3:$I$38,Listings!$C$3:$C$38,B14),0) -> 7555000 | G14: =IFERROR(AVERAGEIFS(Listings!$J$3:$J$38,Listings!$C$3:$C$38,B14),0) -> 36800
B15: Taytay | C15: Rizal | D15: =COUNTIF(Listings!$C$3:$C$38,B15) -> 4 | E15: =IFERROR(AVERAGEIFS(Listings!$G$3:$G$38,Listings!$C$3:$C$38,B15),0) -> 182.5 | F15: =IFERROR(AVERAGEIFS(Listings!$I$3:$I$38,Listings!$C$3:$C$38,B15),0) -> 5887500 | G15: =IFERROR(AVERAGEIFS(Listings!$J$3:$J$38,Listings!$C$3:$C$38,B15),0) -> 26596.296
B16: Rodriguez | C16: Rizal | D16: =COUNTIF(Listings!$C$3:$C$38,B16) -> 4 | E16: =IFERROR(AVERAGEIFS(Listings!$G$3:$G$38,Listings!$C$3:$C$38,B16),0) -> 230 | F16: =IFERROR(AVERAGEIFS(Listings!$I$3:$I$38,Listings!$C$3:$C$38,B16),0) -> 2620000 | G16: =IFERROR(AVERAGEIFS(Listings!$J$3:$J$38,Listings!$C$3:$C$38,B16),0) -> 10525
B17: Dasmariñas | C17: Cavite | D17: =COUNTIF(Listings!$C$3:$C$38,B17) -> 4 | E17: =IFERROR(AVERAGEIFS(Listings!$G$3:$G$38,Listings!$C$3:$C$38,B17),0) -> 250 | F17: =IFERROR(AVERAGEIFS(Listings!$I$3:$I$38,Listings!$C$3:$C$38,B17),0) -> 5430000 | G17: =IFERROR(AVERAGEIFS(Listings!$J$3:$J$38,Listings!$C$3:$C$38,B17),0) -> 20233.333
B18: Imus | C18: Cavite | D18: =COUNTIF(Listings!$C$3:$C$38,B18) -> 4 | E18: =IFERROR(AVERAGEIFS(Listings!$G$3:$G$38,Listings!$C$3:$C$38,B18),0) -> 207.5 | F18: =IFERROR(AVERAGEIFS(Listings!$I$3:$I$38,Listings!$C$3:$C$38,B18),0) -> 5377500 | G18: =IFERROR(AVERAGEIFS(Listings!$J$3:$J$38,Listings!$C$3:$C$38,B18),0) -> 24825.926
B19: Bacoor | C19: Cavite | D19: =COUNTIF(Listings!$C$3:$C$38,B19) -> 4 | E19: =IFERROR(AVERAGEIFS(Listings!$G$3:$G$38,Listings!$C$3:$C$38,B19),0) -> 282.5 | F19: =IFERROR(AVERAGEIFS(Listings!$I$3:$I$38,Listings!$C$3:$C$38,B19),0) -> 10265000 | G19: =IFERROR(AVERAGEIFS(Listings!$J$3:$J$38,Listings!$C$3:$C$38,B19),0) -> 35033.333
B20: General Trias | C20: Cavite | D20: =COUNTIF(Listings!$C$3:$C$38,B20) -> 4 | E20: =IFERROR(AVERAGEIFS(Listings!$G$3:$G$38,Listings!$C$3:$C$38,B20),0) -> 230 | F20: =IFERROR(AVERAGEIFS(Listings!$I$3:$I$38,Listings!$C$3:$C$38,B20),0) -> 3682500 | G20: =IFERROR(AVERAGEIFS(Listings!$J$3:$J$38,Listings!$C$3:$C$38,B20),0) -> 14066.667
B21: Silang | C21: Cavite | D21: =COUNTIF(Listings!$C$3:$C$38,B21) -> 4 | E21: =IFERROR(AVERAGEIFS(Listings!$G$3:$G$38,Listings!$C$3:$C$38,B21),0) -> 400 | F21: =IFERROR(AVERAGEIFS(Listings!$I$3:$I$38,Listings!$C$3:$C$38,B21),0) -> 4012500 | G21: =IFERROR(AVERAGEIFS(Listings!$J$3:$J$38,Listings!$C$3:$C$38,B21),0) -> 9066.6667
B22: Note: price per sqm uses lots only (House & Lot rows excluded). All figures are dummy data.

Sheet Listings
A1: SAMPLE DATA: all values below are fictional and for illustration only
A2: ID | B2: Date Gathered | C2: City | D2: Province | E2: Barangay | F2: Property Type | G2: Lot Area (sqm) | H2: Floor Area (sqm) | I2: Asking Price (PHP) | J2: Price per sqm (PHP) | K2: Condition | L2: Source | M2: Status | N2: Notes
A3: L-001 | B3: 46239 | C3: Rodriguez | D3: Rizal | E3: Brgy. Sample B | F3: Residential lot | G3: 150 | I3: 1800000 | J3: =IF(OR(F3="House & Lot",G3=0),"",I3/G3) -> 12000 | K3: Cleared / titled | L3: Cold call - seller | M3: Dropped | N3: EXAMPLE ROW: shows the expected format. Replace with your own data.
A4: L-002 | B4: 46241 | C4: General Trias | D4: Cavite | E4: Brgy. Sample F | F4: Residential lot | G4: 250 | I4: 4250000 | J4: =IF(OR(F4="House & Lot",G4=0),"",I4/G4) -> 17000 | K4: Raw land | L4: Cold call - buyer inquiry | M4: Dropped
A5: L-003 | B5: 46242 | C5: Imus | D5: Cavite | E5: Brgy. Sample D | F5: Residential lot | G5: 300 | I5: 7110000 | J5: =IF(OR(F5="House & Lot",G5=0),"",I5/G5) -> 23700 | K5: Raw land | L5: Cold call - buyer inquiry | M5: Verified
A6: L-004 | B6: 46243 | C6: Silang | D6: Cavite | E6: Brgy. Sample C | F6: Residential lot | G6: 200 | I6: 1340000 | J6: =IF(OR(F6="House & Lot",G6=0),"",I6/G6) -> 6700 | K6: Raw land | L6: Site visit | M6: Pending
A7: L-005 | B7: 46244 | C7: Antipolo | D7: Rizal | E7: Brgy. Sample D | F7: House & Lot | G7: 180 | H7: 120 | I7: 5890000 | J7: =IF(OR(F7="House & Lot",G7=0),"",I7/G7) | K7: Needs repair | L7: Cold call - buyer inquiry | M7: Dropped
A8: L-006 | B8: 46246 | C8: General Trias | D8: Cavite | E8: Brgy. Sample E | F8: Residential lot | G8: 120 | I8: 1440000 | J8: =IF(OR(F8="House & Lot",G8=0),"",I8/G8) -> 12000 | K8: Cleared / titled | L8: Owner referral | M8: Verified | N8: Seller open to negotiation (sample note)
A9: L-007 | B9: 46247 | C9: Dasmariñas | D9: Cavite | E9: Brgy. Sample F | F9: Residential lot | G9: 100 | I9: 2250000 | J9: =IF(OR(F9="House & Lot",G9=0),"",I9/G9) -> 22500 | K9: Cleared / titled | L9: Owner referral | M9: Verified
A10: L-008 | B10: 46252 | C10: Taytay | D10: Rizal | E10: Brgy. Sample E | F10: Commercial lot | G10: 180 | I10: 4480000 | J10: =IF(OR(F10="House & Lot",G10=0),"",I10/G10) -> 24888.889 | K10: Cleared / titled | L10: Cold call - seller | M10: Dropped
A11: L-009 | B11: 46253 | C11: General Trias | D11: Cavite | E11: Brgy. Sample A | F11: Commercial lot | G11: 300 | I11: 3960000 | J11: =IF(OR(F11="House & Lot",G11=0),"",I11/G11) -> 13200 | K11: Cleared / titled | L11: Site visit | M11: Dropped
A12: L-010 | B12: 46254 | C12: Imus | D12: Cavite | E12: Brgy. Sample C | F12: Residential lot | G12: 150 | I12: 4050000 | J12: =IF(OR(F12="House & Lot",G12=0),"",I12/G12) -> 27000 | K12: Cleared / titled | L12: Online listing | M12: Pending
A13: L-011 | B13: 46255 | C13: Cainta | D13: Rizal | E13: Brgy. Sample F | F13: Residential lot | G13: 100 | I13: 3910000 | J13: =IF(OR(F13="House & Lot",G13=0),"",I13/G13) -> 39100 | K13: Raw land | L13: Online listing | M13: Verified
A14: L-012 | B14: 46255 | C14: Dasmariñas | D14: Cavite | E14: Brgy. Sample A | F14: Commercial lot | G14: 400 | I14: 6360000 | J14: =IF(OR(F14="House & Lot",G14=0),"",I14/G14) -> 15900 | K14: Raw land | L14: Cold call - buyer inquiry | M14: Verified | N14: Title copy requested (sample note)
A15: L-013 | B15: 46256 | C15: Cainta | D15: Rizal | E15: Brgy. Sample A | F15: Commercial lot | G15: 500 | I15: 15950000 | J15: =IF(OR(F15="House & Lot",G15=0),"",I15/G15) -> 31900 | K15: Cleared / titled | L15: Owner referral | M15: Verified
A16: L-014 | B16: 46258 | C16: Bacoor | D16: Cavite | E16: Brgy. Sample D | F16: House & Lot | G16: 180 | H16: 80 | I16: 6960000 | J16: =IF(OR(F16="House & Lot",G16=0),"",I16/G16) | K16: Good | L16: Owner referral | M16: Verified
A17: L-015 | B17: 46259 | C17: Rodriguez | D17: Rizal | E17: Brgy. Sample C | F17: Commercial lot | G17: 250 | I17: 2675000 | J17: =IF(OR(F17="House & Lot",G17=0),"",I17/G17) -> 10700 | K17: Cleared / titled | L17: Owner referral | M17: Verified
A18: L-016 | B18: 46260 | C18: Imus | D18: Cavite | E18: Brgy. Sample F | F18: House & Lot | G18: 200 | H18: 60 | I18: 6070000 | J18: =IF(OR(F18="House & Lot",G18=0),"",I18/G18) | K18: Good | L18: Owner referral | M18: Dropped
A19: L-017 | B19: 46262 | C19: Cainta | D19: Rizal | E19: Brgy. Sample E | F19: Residential lot | G19: 100 | I19: 3940000 | J19: =IF(OR(F19="House & Lot",G19=0),"",I19/G19) -> 39400 | K19: Cleared / titled | L19: Cold call - seller | M19: Verified
A20: L-018 | B20: 46262 | C20: Dasmariñas | D20: Cavite | E20: Brgy. Sample B | F20: House & Lot | G20: 300 | H20: 120 | I20: 8650000 | J20: =IF(OR(F20="House & Lot",G20=0),"",I20/G20) | K20: Good | L20: Owner referral | M20: Pending
A21: L-019 | B21: 46263 | C21: Rodriguez | D21: Rizal | E21: Brgy. Sample A | F21: Residential lot | G21: 120 | I21: 1065000 | J21: =IF(OR(F21="House & Lot",G21=0),"",I21/G21) -> 8875 | K21: Cleared / titled | L21: Cold call - buyer inquiry | M21: Pending
A22: L-020 | B22: 46264 | C22: Antipolo | D22: Rizal | E22: Brgy. Sample C | F22: Commercial lot | G22: 180 | I22: 3525000 | J22: =IF(OR(F22="House & Lot",G22=0),"",I22/G22) -> 19583.333 | K22: Raw land | L22: Online listing | M22: Verified
A23: L-021 | B23: 46265 | C23: Taytay | D23: Rizal | E23: Brgy. Sample F | F23: House & Lot | G23: 200 | H23: 120 | I23: 9140000 | J23: =IF(OR(F23="House & Lot",G23=0),"",I23/G23) | K23: Good | L23: Site visit | M23: Dropped | N23: Road access needs checking (sample note)
A24: L-022 | B24: 46266 | C24: Taytay | D24: Rizal | E24: Brgy. Sample D | F24: Residential lot | G24: 250 | I24: 7400000 | J24: =IF(OR(F24="House & Lot",G24=0),"",I24/G24) -> 29600 | K24: Cleared / titled | L24: Site visit | M24: Pending
A25: L-023 | B25: 46266 | C25: General Trias | D25: Cavite | E25: Brgy. Sample B | F25: House & Lot | G25: 250 | H25: 60 | I25: 5080000 | J25: =IF(OR(F25="House & Lot",G25=0),"",I25/G25) | K25: Needs repair | L25: Online listing | M25: Verified
A26: L-024 | B26: 46267 | C26: Bacoor | D26: Cavite | E26: Brgy. Sample C | F26: Commercial lot | G26: 300 | I26: 10320000 | J26: =IF(OR(F26="House & Lot",G26=0),"",I26/G26) -> 34400 | K26: Raw land | L26: Online listing | M26: Verified
A27: L-025 | B27: 46268 | C27: Imus | D27: Cavite | E27: Brgy. Sample E | F27: Commercial lot | G27: 180 | I27: 4280000 | J27: =IF(OR(F27="House & Lot",G27=0),"",I27/G27) -> 23777.778 | K27: Raw land | L27: Owner referral | M27: Verified
A28: L-026 | B28: 46269 | C28: Bacoor | D28: Cavite | E28: Brgy. Sample A | F28: Residential lot | G28: 250 | I28: 7500000 | J28: =IF(OR(F28="House & Lot",G28=0),"",I28/G28) -> 30000 | K28: Cleared / titled | L28: Owner referral | M28: Verified
A29: L-027 | B29: 46270 | C29: Silang | D29: Cavite | E29: Brgy. Sample D | F29: Residential lot | G29: 400 | I29: 4640000 | J29: =IF(OR(F29="House & Lot",G29=0),"",I29/G29) -> 11600 | K29: Raw land | L29: Cold call - seller | M29: Verified
A30: L-028 | B30: 46270 | C30: Silang | D30: Cavite | E30: Brgy. Sample F | F30: House & Lot | G30: 500 | H30: 60 | I30: 5620000 | J30: =IF(OR(F30="House & Lot",G30=0),"",I30/G30) | K30: Needs repair | L30: Site visit | M30: Verified
A31: L-029 | B31: 46272 | C31: Bacoor | D31: Cavite | E31: Brgy. Sample B | F31: Residential lot | G31: 400 | I31: 16280000 | J31: =IF(OR(F31="House & Lot",G31=0),"",I31/G31) -> 40700 | K31: Cleared / titled | L31: Online listing | M31: Verified
A32: L-030 | B32: 46274 | C32: Antipolo | D32: Rizal | E32: Brgy. Sample B | F32: Residential lot | G32: 500 | I32: 10250000 | J32: =IF(OR(F32="House & Lot",G32=0),"",I32/G32) -> 20500 | K32: Cleared / titled | L32: Cold call - seller | M32: Dropped
A33: L-031 | B33: 46278 | C33: Antipolo | D33: Rizal | E33: Brgy. Sample A | F33: Residential lot | G33: 250 | I33: 5350000 | J33: =IF(OR(F33="House & Lot",G33=0),"",I33/G33) -> 21400 | K33: Cleared / titled | L33: Cold call - seller | M33: Verified
A34: L-032 | B34: 46280 | C34: Taytay | D34: Rizal | E34: Brgy. Sample C | F34: Residential lot | G34: 100 | I34: 2530000 | J34: =IF(OR(F34="House & Lot",G34=0),"",I34/G34) -> 25300 | K34: Cleared / titled | L34: Owner referral | M34: Verified
A35: L-033 | B35: 46281 | C35: Rodriguez | D35: Rizal | E35: Brgy. Sample D | F35: House & Lot | G35: 400 | H35: 60 | I35: 4940000 | J35: =IF(OR(F35="House & Lot",G35=0),"",I35/G35) | K35: Good | L35: Cold call - seller | M35: Verified
A36: L-034 | B36: 46281 | C36: Silang | D36: Cavite | E36: Brgy. Sample E | F36: Commercial lot | G36: 500 | I36: 4450000 | J36: =IF(OR(F36="House & Lot",G36=0),"",I36/G36) -> 8900 | K36: Raw land | L36: Owner referral | M36: Verified
A37: L-035 | B37: 46282 | C37: Cainta | D37: Rizal | E37: Brgy. Sample B | F37: House & Lot | G37: 120 | H37: 80 | I37: 6420000 | J37: =IF(OR(F37="House & Lot",G37=0),"",I37/G37) | K37: Good | L37: Cold call - seller | M37: Dropped
A38: L-036 | B38: 46282 | C38: Dasmariñas | D38: Cavite | E38: Brgy. Sample E | F38: Residential lot | G38: 200 | I38: 4460000 | J38: =IF(OR(F38="House & Lot",G38=0),"",I38/G38) -> 22300 | K38: Cleared / titled | L38: Online listing | M38: Pending

Sheet Read Me
B2: Market Data Report: Sample Workbook
B3: SAMPLE with dummy data. Prepared by Andrei Rubic to show how I record and report property market data.
B5: Purpose | C5: Shows how field and call data is logged, cleaned, and summarized by city for quick review.
B6: IMPORTANT | C6: All listings, prices, barangay names, and notes are fictional and illustrative. They are NOT real market data and not from any past employer or client.
B7: Sheets | C7: Summary (auto-calculated by city + chart) | Listings (the data log) | Read Me (this page).
B8: What to edit | C8: Only the blue-text cells on the Listings sheet (rows 3 onward). Everything on Summary updates automatically.
B9: Auto-calculated | C9: Listings column J (Price per sqm) and everything on the Summary sheet are formulas. Do not type over them.
B10: Price per sqm | C10: Asking Price divided by Lot Area. Left blank for 'House & Lot' rows because the price includes the house, so averages compare lots only.
B11: Example row | C11: Row 3 on Listings is an example of the expected format (see its Notes cell). Replace or delete it when using real data.
B12: Statuses | C12: Verified = details confirmed with owner/agent | Pending = awaiting confirmation | Dropped = no longer available or unreachable.
B13: To add rows | C13: Insert new rows inside the table (above the last row) so the Summary formulas include them.
B15: Legend
B16: Blue text | C16: Input you type or paste
B17: Black text | C17: Formula (calculated automatically)
